Title,URL handle,Description,Vendor,Type,Tags,Published on online store,Status,SKU,Option1 name,Option1 value,Price,Compare-at price,Charge tax,Inventory tracker,Inventory quantity,Continue selling when out of stock,Weight value (grams),Requires shipping,Fulfillment service,Product image URL,Image position,Image alt text,Gift card,SEO title,SEO description,Collection
Банетон Кошница Кръгла,kvaseya-1,<p>Тази банетон кошница е изработена от висококачествен естествен ратан. Идеална за ферментиране на кръгли хлябове с тегло до 1 кг. Ратанът абсорбира излишната влага и отпечатва красив спирален модел върху хляба. Подходяща за домашна и занаятчийска употреба.</p><h3>Характеристики</h3><ul><li>Естествен ратан от Германия</li><li>Красив спирален модел върху хляба</li><li>Абсорбира излишна влага</li><li>Подходяща за тесто до 1 кг</li><li>Лесна за поддръжка</li></ul>,Квасен Занаят,Инструменти,"tools, Хит",false,draft,KV-001,Title,Default Title,45.99,59.99,true,shopify,15,false,350,true,manual,https://raw.githubusercontent.com/bkbex1/Kvas---Frontend/shopify-theme/shopify-theme/assets/kv-product-1.jpg,1,Банетон Кошница Кръгла,false,Банетон Кошница Кръгла,"Естествен ратан, 25 см",Инструменти
Банетон Кошница Овална,kvaseya-2,<p>Овална банетон кошница за класически батони и овални хлябове. Изработена от висококачествен естествен ратан с традиционни техники.</p><h3>Характеристики</h3><ul><li>Овална форма за батони</li><li>Естествен ратан</li><li>За тесто до 1.2 кг</li><li>Отпечатва красив модел</li><li>Дълготрайна конструкция</li></ul>,Квасен Занаят,Инструменти,tools,false,draft,KV-002,Title,Default Title,52.99,,true,shopify,12,false,400,true,manual,https://raw.githubusercontent.com/bkbex1/Kvas---Frontend/shopify-theme/shopify-theme/assets/kv-product-2.jpg,1,Банетон Кошница Овална,false,Банетон Кошница Овална,"Естествен ратан, 30 см",Инструменти
Ленена Покривка,kvaseya-3,"<p>Професионална ленена покривка за ферментация на тесто. Изработена от 100% натурален лен, внесен от Франция. Абсорбира влагата и предотвратява залепването.</p><h3>Характеристики</h3><ul><li>100% натурален лен</li><li>Абсорбира излишна влага</li><li>Машинно перима на 30°C</li><li>Голям работен размер</li><li>Нещо суха тъкан</li></ul>",Квасен Занаят,Инструменти,"tools, Ново",false,draft,KV-003,Title,Default Title,28.99,,true,shopify,25,false,180,true,manual,https://raw.githubusercontent.com/bkbex1/Kvas---Frontend/shopify-theme/shopify-theme/assets/kv-product-3.jpg,1,Ленена Покривка,false,Ленена Покривка,"100% лен, 70×50 см",Инструменти
Дигитална Везна 5 кг,kvaseya-5,"<p>Прецизна дигитална везна с точност до 1 грам. Незаменим инструмент за всеки пекар, тъй като точното претегляне е ключово за успешен квасен хляб.</p><h3>Характеристики</h3><ul><li>Точност до 1 грам</li><li>Капацитет 5 кг</li><li>LCD дисплей с подсветка</li><li>Функция тара</li><li>Неръждаема стоманена платформа</li></ul>",Квасен Занаят,Оборудване,"equipment, Топ продукт",false,draft,KV-004,Title,Default Title,89.99,,true,shopify,8,false,0,true,manual,https://raw.githubusercontent.com/bkbex1/Kvas---Frontend/shopify-theme/shopify-theme/assets/kv-product-4.jpg,1,Дигитална Везна 5 кг,false,Дигитална Везна 5 кг,Прецизност 1 г,Оборудване
Холандска Печка 5 л,kvaseya-5,"<p>Тази холандска печка от емайлиран чугун е наистина незаменима за получаване на хрупкава, карамелизирана кора на вашия квасен хляб. Затвореното пространство създава идеалните условия за пара.</p><h3>Характеристики</h3><ul><li>Емайлиран чугун с висока плътност</li><li>Равномерно разпределение на топлина</li><li>Задържа пара за перфектна коричка</li><li>Подходяща за всички котлони и фурни</li><li>Лесна за почистване</li></ul>",Квасен Занаят,Оборудване,"equipment, Промоция",false,draft,KV-005,Title,Default Title,189.99,229.99,true,shopify,6,false,5,true,manual,https://raw.githubusercontent.com/bkbex1/Kvas---Frontend/shopify-theme/shopify-theme/assets/kv-product-5.jpg,1,Холандска Печка 5 л,false,Холандска Печка 5 л,Емайлиран чугун,Оборудване
Холандска Печка 7 л,kvaseya-7,<p>По-голямата версия на нашата холандска печка — идеална за хлябове с по-голямо тегло и за по-широки формати. Същото изключително качество на чугун.</p><h3>Характеристики</h3><ul><li>Голям капацитет 7 л</li><li>За хлябове до 1.5 кг</li><li>Овална форма</li><li>Издръжлива на щ.температури</li><li>Подходяща за индукция</li></ul>,Квасен Занаят,Оборудване,equipment,false,draft,KV-006,Title,Default Title,219.99,,true,shopify,4,false,7,true,manual,https://raw.githubusercontent.com/bkbex1/Kvas---Frontend/shopify-theme/shopify-theme/assets/kv-product-6.jpg,1,Холандска Печка 7 л,false,Холандска Печка 7 л,"Емайлиран чугун, голяма",Оборудване
Камък за Печене,kvaseya-7,"<p>Камъкът за печене от кордиерит поема и разпределя топлината равномерно, осигурявайки хрупкава долна кора, каквато само фурна с камък може да даде.</p><h3>Характеристики</h3><ul><li>Кордиерит с висока топлоустойчивост</li><li>Равномерно разпределение на топлина</li><li>Хрупкава долна коричка</li><li>Дълготраен и устойчив</li><li>Лесен за почистване</li></ul>",Квасен Занаят,Оборудване,equipment,false,draft,KV-007,Title,Default Title,79.99,,true,shopify,10,false,3,true,manual,https://raw.githubusercontent.com/bkbex1/Kvas---Frontend/shopify-theme/shopify-theme/assets/kv-product-7.jpg,1,Камък за Печене,false,Камък за Печене,"Кордиерит, 38×30 см",Оборудване
Инфрачервен Термометър,kvaseya-8,"<p>Безконтактният инфрачервен термометър ви позволява да измервате температурата на фурната, камъка или тестото мигновено и прецизно без контакт.</p><h3>Характеристики</h3><ul><li>Безконтактно измерване</li><li>Широк диапазон −50 до 550°C</li><li>Бързо измерване (0.5 сек)</li><li>LCD дисплей с подсветка</li><li>Компактен и лесен за употреба</li></ul>",Квасен Занаят,Оборудване,equipment,false,draft,KV-008,Title,Default Title,64.99,,true,shopify,18,false,0,true,manual,https://raw.githubusercontent.com/bkbex1/Kvas---Frontend/shopify-theme/shopify-theme/assets/kv-product-8.jpg,1,Инфрачервен Термометър,false,Инфрачервен Термометър,"Безконтактен, до 550°C",Оборудване
Нож за Рязане Про,kvaseya-9,<p>Нож за рязане (lame) с ергономична дървена дръжка и набор от сменяеми ножчета. Позволява прецизни и красиви разрези върху хляба преди печене.</p><h3>Характеристики</h3><ul><li>Ергономична дървена дръжка</li><li>Изключително остри ножчета</li><li>5 резервни ножчета включени</li><li>Прецизни декоративни разрези</li><li>Лесна смяна на ножчетата</li></ul>,Квасен Занаят,Инструменти,"tools, Бестселър",false,draft,KV-009,Title,Default Title,34.99,,true,shopify,22,false,45,true,manual,https://raw.githubusercontent.com/bkbex1/Kvas---Frontend/shopify-theme/shopify-theme/assets/kv-product-9.jpg,1,Нож за Рязане Про,false,Нож за Рязане Про,Дървена дръжка + 5 ножчета,Инструменти
Комплект Ножове 3 бр.,kvaseya-3,"<p>Комплект от три различни lame ножа за разнообразни техники на рязане. Включва права, кривата и овална форма. Идеален подарък за всеки пекар.</p><h3>Характеристики</h3><ul><li>3 различни форми на ножа</li><li>Дървени дръжки от орехово дърво</li><li>15 резервни ножчета</li><li>Кожена защитна кутия</li><li>Подходящ за подарък</li></ul>",Квасен Занаят,Инструменти,tools,false,draft,KV-010,Title,Default Title,59.99,,true,shopify,14,false,0,true,manual,https://raw.githubusercontent.com/bkbex1/Kvas---Frontend/shopify-theme/shopify-theme/assets/kv-product-10.jpg,1,Комплект Ножове 3 бр.,false,Комплект Ножове 3 бр.,Три различни форми,Инструменти
Скрепер Метален,kvaseya-11,"<p>Незаменим инструмент за всеки пекар. Металният скрепер помага при разделяне, оформяне и преместване на тестото, а също и за почистване на работния плот.</p><h3>Характеристики</h3><ul><li>Закалена неръждаема стомана</li><li>Ергономична буков дръжка</li><li>Скала за измерване</li><li>Подходящ за миялна машина</li><li>Многофункционален</li></ul>",Квасен Занаят,Инструменти,tools,false,draft,KV-011,Title,Default Title,18.99,,true,shopify,30,false,120,true,manual,https://raw.githubusercontent.com/bkbex1/Kvas---Frontend/shopify-theme/shopify-theme/assets/kv-product-11.jpg,1,Скрепер Метален,false,Скрепер Метален,Неръждаема стомана,Инструменти
Скрепери Комплект 3 бр.,kvaseya-3,"<p>Гъвкави пластмасови скрепери за изгребване на тесто от купата. Удобни, цветни и лесни за почистване. Идеални за начинаещи.</p><h3>Характеристики</h3><ul><li>Гъвкав пластмасов материал</li><li>Три различни цвята</li><li>Безопасни за хранителни продукти</li><li>Подходящи за миялна машина</li><li>Лесно почистване</li></ul>",Квасен Занаят,Инструменти,tools,false,draft,KV-012,Title,Default Title,12.99,,true,shopify,45,false,0,true,manual,https://raw.githubusercontent.com/bkbex1/Kvas---Frontend/shopify-theme/shopify-theme/assets/kv-product-12.jpg,1,Скрепери Комплект 3 бр.,false,Скрепери Комплект 3 бр.,"Пластмасови, различни цветове",Инструменти
Стъклен Съд 3 л,kvaseya-3,<p>Прозрачен стъклен съд от боросиликатно стъкло — идеален за поддържане и наблюдаване на вашия квас. Виждате ферментацията в реално време.</p><h3>Характеристики</h3><ul><li>Боросиликатно стъкло</li><li>Прозрачен за наблюдение</li><li>Клипс капак за уплътнение</li><li>Устойчив на температури</li><li>Подходящ за миялна машина</li></ul>,Квасен Занаят,Оборудване,"equipment, Ново",false,draft,KV-013,Title,Default Title,42.99,,true,shopify,20,false,0,true,manual,https://raw.githubusercontent.com/bkbex1/Kvas---Frontend/shopify-theme/shopify-theme/assets/kv-product-13.jpg,1,Стъклен Съд 3 л,false,Стъклен Съд 3 л,"За квас, с капак",Оборудване
Керамичен Съд 2 л,kvaseya-2,<p>Красив ръчно изработен керамичен съд за вашия квас. Всеки е уникален поради ръчната изработка. Регулира влажността естествено.</p><h3>Характеристики</h3><ul><li>Ръчно изработена от местен грънчар</li><li>Уникален дизайн</li><li>Регулира влажността естествено</li><li>Естетически красив</li><li>Направен в България</li></ul>,Квасен Занаят,Оборудване,equipment,false,draft,KV-014,Title,Default Title,68.99,,true,shopify,7,false,0,true,manual,https://raw.githubusercontent.com/bkbex1/Kvas---Frontend/shopify-theme/shopify-theme/assets/kv-product-14.jpg,1,Керамичен Съд 2 л,false,Керамичен Съд 2 л,Ръчна изработка,Оборудване
Пшенично Брашно Тип 500,kvaseya-500,"<p>Биологично пшенично брашно тип 500 от местни производители. Идеално за квасен хляб с лека, въздушна текстура и мека коричка.</p><h3>Характеристики</h3><ul><li>100% биологично пшеничено</li><li>Местно производство</li><li>Богато на глутен</li><li>Идеално за квасен хляб</li><li>Без добавки</li></ul>",Квасен Занаят,Брашна,"flour, Органик",false,draft,KV-015,Title,Default Title,8.99,,true,shopify,50,false,1,true,manual,https://raw.githubusercontent.com/bkbex1/Kvas---Frontend/shopify-theme/shopify-theme/assets/kv-product-15.jpg,1,Пшенично Брашно Тип 500,false,Пшенично Брашно Тип 500,"Биологично, 1 кг",Брашна
Ръжено Брашно Пълнозърнесто,kvaseya-16,"<p>Пълнозърнесто ръжено брашно за богат, земен вкус и наситен аромат. Подобрява ферментацията на кваса и придава тъмен цвят.</p><h3>Характеристики</h3><ul><li>Пълнозърнеста ръж</li><li>Ускорява ферментацията на квас</li><li>Богат тъмен цвят</li><li>Дълбок аромат</li><li>100% биологично</li></ul>",Квасен Занаят,Брашна,flour,false,draft,KV-016,Title,Default Title,9.99,,true,shopify,40,false,1,true,manual,https://raw.githubusercontent.com/bkbex1/Kvas---Frontend/shopify-theme/shopify-theme/assets/kv-product-16.jpg,1,Ръжено Брашно Пълнозърнесто,false,Ръжено Брашно Пълнозърнесто,"Биологично, 1 кг",Брашна
Спелтово Брашно,kvaseya-17,<p>Спелтово брашно от прастара пшеница с нежен орехов вкус. По-лесно смилаемо от обикновената пшеница и подходящо за хора с лека непоносимост.</p><h3>Характеристики</h3><ul><li>Прастара пшеница спелта</li><li>Нежен орехов вкус</li><li>По-лесно смилаемо</li><li>Богато на протеини</li><li>Австрийски произход</li></ul>,Квасен Занаят,Брашна,"flour, Специален",false,draft,KV-017,Title,Default Title,12.99,,true,shopify,25,false,1,true,manual,https://raw.githubusercontent.com/bkbex1/Kvas---Frontend/shopify-theme/shopify-theme/assets/kv-product-17.jpg,1,Спелтово Брашно,false,Спелтово Брашно,"Биологично, 1 кг",Брашна
Стартер Кит за Начинаещи,kvaseya-18,"<p>Перфектният комплект за всеки, който иска да навлезе в света на квасения хляб. Включва всичко необходимо — от съд за квас до банетон и нож за рязане.</p><h3>Характеристики</h3><ul><li>7 внимателно подбрани артикула</li><li>Стъклен съд за квас</li><li>Кръгла банетон кошница</li><li>Нож за рязане с ножчета</li><li>Ленена покривка + инструкции</li></ul>",Квасен Занаят,Комплекти,"kits, Промоция",false,draft,KV-018,Title,Default Title,149.99,189.99,true,shopify,15,false,2,true,manual,https://raw.githubusercontent.com/bkbex1/Kvas---Frontend/shopify-theme/shopify-theme/assets/kv-product-18.jpg,1,Стартер Кит за Начинаещи,false,Стартер Кит за Начинаещи,Всичко за първия хляб,Комплекти
Професионален Комплект,kvaseya-19,"<p>Пълният набор от инструменти за сериозния занаятчийски пекар. Включва везна, холандска печка, два банетона, термометър, ножове и брашна.</p><h3>Характеристики</h3><ul><li>12 премиум артикула</li><li>Дигитална везна</li><li>Холандска печка 5л</li><li>Два банетона (кръгъл + овален)</li><li>Луксозна дървена кутия</li></ul>",Квасен Занаят,Комплекти,kits,false,draft,KV-019,Title,Default Title,399.99,,true,shopify,5,false,8,true,manual,https://raw.githubusercontent.com/bkbex1/Kvas---Frontend/shopify-theme/shopify-theme/assets/kv-product-19.jpg,1,Професионален Комплект,false,Професионален Комплект,Пълно оборудване,Комплекти
Подаръчен Сет Делукс,kvaseya-20,"<p>Луксозен подаръчен комплект за любителите на занаятчийски хляб. Красива опаковка, подходяща за рожден ден, Коледа или просто специален повод.</p><h3>Характеристики</h3><ul><li>9 внимателно подбрани артикула</li><li>Луксозна опаковка с панделка</li><li>Персонализирана картичка</li><li>Включва рецептна книга</li><li>Безплатна доставка</li></ul>",Квасен Занаят,Комплекти,"kits, Подарък",false,draft,KV-020,Title,Default Title,249.99,299.99,true,shopify,8,false,3,true,manual,https://raw.githubusercontent.com/bkbex1/Kvas---Frontend/shopify-theme/shopify-theme/assets/kv-product-20.jpg,1,Подаръчен Сет Делукс,false,Подаръчен Сет Делукс,Луксозна опаковка,Комплекти
Starter Kit за Начинаещи,kvaseya-starter-kit,<p>Всичко необходимо за вашия първи квасен хляб</p><ul><li>1× Стъклен буркан за квас</li><li>1× Силиконова шпатула</li><li>1× Кошница за втасване</li><li>1× Резец (lame) с ножчета</li><li>1× Карта с рецепта</li><li>1× Ленено платно</li><li>1× Мерителна лъжица</li></ul>,Квасен Занаят,Комплекти,"Комплекти, Хит",false,draft,BND-101,Title,Default Title,89.99,129.90,true,shopify,10,false,0,true,manual,https://raw.githubusercontent.com/bkbex1/Kvas---Frontend/shopify-theme/shopify-theme/assets/kv-bundle-101.jpg,1,Starter Kit за Начинаещи,false,Starter Kit за Начинаещи,Всичко необходимо за вашия първи квасен хляб,Комплекти
Deluxe Комплект за Квас,kvaseya-deluxe,<p>Разширена колекция за сериозния пекар</p><ul><li>1× Буркан за квас 2 л</li><li>2× Шпатула комплект</li><li>1× Овална кошница за втасване</li><li>1× Кръгла кошница за втасване</li><li>1× Резец (lame) Про</li><li>10× Резервни ножчета (10 бр)</li><li>5× Карти с рецепти (5 бр)</li><li>1× Ленено платно 70×50 см</li><li>2× Мерителна лъжица</li></ul>,Квасен Занаят,Комплекти,"Комплекти, Премиум",false,draft,BND-102,Title,Default Title,179.99,249.90,true,shopify,10,false,0,true,manual,https://raw.githubusercontent.com/bkbex1/Kvas---Frontend/shopify-theme/shopify-theme/assets/kv-bundle-102.jpg,1,Deluxe Комплект за Квас,false,Deluxe Комплект за Квас,Разширена колекция за сериозния пекар,Комплекти
Подаръчен Комплект за Любител Пекар,kvaseya-103,<p>Идеалният подарък за всеки хлебар</p><ul><li>1× Буркан за квас</li><li>1× Дървена шпатула</li><li>1× Кошница за втасване</li><li>1× Резец (lame)</li><li>5× Резервни ножчета</li><li>2× Карта с рецепта</li><li>1× Ленено платно</li><li>1× Мерителна лъжица</li></ul>,Квасен Занаят,Комплекти,"Комплекти, Подарък",false,draft,BND-103,Title,Default Title,129.99,179.90,true,shopify,10,false,0,true,manual,https://raw.githubusercontent.com/bkbex1/Kvas---Frontend/shopify-theme/shopify-theme/assets/kv-bundle-103.jpg,1,Подаръчен Комплект за Любител Пекар,false,Подаръчен Комплект за Любител Пекар,Идеалният подарък за всеки хлебар,Комплекти
"Комплект ""Първи Хляб""",kvaseya-104,<p>Минималистичен старт — само същественото</p><ul><li>1× Буркан за квас</li><li>1× Шпатула</li><li>1× Кошница за втасване</li><li>1× Резец (lame) с ножче</li><li>1× Карта с рецепта</li><li>1× Мерителна лъжица</li></ul>,Квасен Занаят,Комплекти,"Комплекти, За Начало",false,draft,BND-104,Title,Default Title,59.99,84.90,true,shopify,10,false,0,true,manual,https://raw.githubusercontent.com/bkbex1/Kvas---Frontend/shopify-theme/shopify-theme/assets/kv-bundle-104.jpg,1,"Комплект ""Първи Хляб""",false,"Комплект ""Първи Хляб""",Минималистичен старт — само същественото,Комплекти
Квасен Хляб от А до Я,kvaseya-1,<p>Пълното ръководство за квасен хляб — от създаване на квас до майсторски декорации на кора.</p><p>Мария Стоянова · 320 страници · Български</p>,Квасен Занаят,Книги,"Книги, Бестселър",false,draft,BK-001,Title,Default Title,34.99,,true,shopify,10,false,0,true,manual,https://raw.githubusercontent.com/bkbex1/Kvas---Frontend/shopify-theme/shopify-theme/assets/kv-book-1.jpg,1,Квасен Хляб от А до Я,false,Квасен Хляб от А до Я,Пълното ръководство за квасен хляб — от създаване на квас до майсторски декорации на кора.,Книги
Тайните на Ферментацията,kvaseya-2,<p>Научен поглед към ферментацията и микробиологията зад перфектния квас. За любознателните пекари.</p><p>Иван Георгиев · 256 страници · Български</p>,Квасен Занаят,Книги,Книги,false,draft,BK-002,Title,Default Title,28.99,,true,shopify,10,false,0,true,manual,https://raw.githubusercontent.com/bkbex1/Kvas---Frontend/shopify-theme/shopify-theme/assets/kv-book-2.jpg,1,Тайните на Ферментацията,false,Тайните на Ферментацията,Научен поглед към ферментацията и микробиологията зад перфектния квас. За любознателните пекари.,Книги
Whole Grain Baking,kvaseya-whole-grain-baking,"<p>Класическата американска книга за пълнозърнесто печене. На английски, с над 400 рецепти.</p><p>King Arthur Baking · 448 страници · Английски</p>",Квасен Занаят,Книги,"Книги, Импортирана",false,draft,BK-003,Title,Default Title,49.99,,true,shopify,10,false,0,true,manual,https://raw.githubusercontent.com/bkbex1/Kvas---Frontend/shopify-theme/shopify-theme/assets/kv-book-3.jpg,1,Whole Grain Baking,false,Whole Grain Baking,"Класическата американска книга за пълнозърнесто печене. На английски, с над 400 рецепти.",Книги
Наръчник на Пекаря — Електронно издание,kvaseya-4,<p>Дигиталното издание на нашия собствен наръчник — с видео линкове и интерактивни диаграми.</p><p>Квасен Занаят · 180 страници · Български</p>,Квасен Занаят,Електронни книги,"Електронни книги, Digital",false,draft,BK-004,Title,Default Title,14.99,24.99,true,,,false,0,false,manual,https://raw.githubusercontent.com/bkbex1/Kvas---Frontend/shopify-theme/shopify-theme/assets/kv-book-4.jpg,1,Наръчник на Пекаря — Електронно издание,false,Наръчник на Пекаря — Електронно издание,Дигиталното издание на нашия собствен наръчник — с видео линкове и интерактивни диаграми.,Електронни книги
Хлябът на Майстора,kvaseya-5,"<p>Напреднали техники за формиране, скориране и печене. Включва 50 рецепти за ръчно изработен хляб.</p><p>Петър Колев · 380 страници · Български</p>",Квасен Занаят,Книги,Книги,false,draft,BK-005,Title,Default Title,39.99,,true,shopify,10,false,0,true,manual,https://raw.githubusercontent.com/bkbex1/Kvas---Frontend/shopify-theme/shopify-theme/assets/kv-book-5.jpg,1,Хлябът на Майстора,false,Хлябът на Майстора,"Напреднали техники за формиране, скориране и печене. Включва 50 рецепти за ръчно изработен хляб.",Книги
Пица и Фокача с Квас,kvaseya-6,"<p>Всичко за пица, фокача и питки с квасена ферментация. Включва италиански техники.</p><p>Анна Павлова · 220 страници · Български</p>",Квасен Занаят,Книги,"Книги, Ново",false,draft,BK-006,Title,Default Title,29.99,,true,shopify,10,false,0,true,manual,https://raw.githubusercontent.com/bkbex1/Kvas---Frontend/shopify-theme/shopify-theme/assets/kv-book-6.jpg,1,Пица и Фокача с Квас,false,Пица и Фокача с Квас,"Всичко за пица, фокача и питки с квасена ферментация. Включва италиански техники.",Книги
Квас от Нулата — Пълен Курс,kvaseya-1,<p>Стъпка по стъпка — от намесване на квас до изпичане на вашия първи перфектен хляб.</p><p>Мария Стоянова · 6 часа 30 мин · 24 урока · Начинаещи</p><ul><li>Създаване на квас</li><li>Намесване</li><li>Ферментация</li><li>Оформяне</li><li>Печене</li><li>Съхранение</li></ul>,Квасен Занаят,Видео уроци,"Видео уроци, Хит",false,draft,VID-001,Title,Default Title,79.99,119.99,true,,,false,0,false,manual,https://raw.githubusercontent.com/bkbex1/Kvas---Frontend/shopify-theme/shopify-theme/assets/kv-video-1.jpg,1,Квас от Нулата — Пълен Курс,false,Квас от Нулата — Пълен Курс,Стъпка по стъпка — от намесване на квас до изпичане на вашия първи перфектен хляб.,Видео уроци
Майсторски Разрези и Декорации,kvaseya-2,"<p>Научете как да правите невероятни декоративни разрези върху хляба — листа, цветя, геометрични форми.</p><p>Иван Георгиев · 3 часа 15 мин · 14 урока · Средно</p><ul><li>Инструменти</li><li>Основни разрези</li><li>Флорални мотиви</li><li>Геометрия</li><li>Напреднали техники</li></ul>",Квасен Занаят,Видео уроци,"Видео уроци, Популярен",false,draft,VID-002,Title,Default Title,49.99,,true,,,false,0,false,manual,https://raw.githubusercontent.com/bkbex1/Kvas---Frontend/shopify-theme/shopify-theme/assets/kv-video-2.jpg,1,Майсторски Разрези и Декорации,false,Майсторски Разрези и Декорации,"Научете как да правите невероятни декоративни разрези върху хляба — листа, цветя, геометрични форми.",Видео уроци
Пълнозърнести Хлябове,kvaseya-3,"<p>Спелта, ъргъ, ечемик — научете как да работите с алтернативни брашна за по-здравословен хляб.</p><p>Петър Колев · 4 часа 20 мин · 18 урока · Средно</p><ul><li>Спелта</li><li>Ръж</li><li>Ечемик</li><li>Хибридни рецепти</li><li>Хидратация</li></ul>",Квасен Занаят,Видео уроци,Видео уроци,false,draft,VID-003,Title,Default Title,59.99,,true,,,false,0,false,manual,https://raw.githubusercontent.com/bkbex1/Kvas---Frontend/shopify-theme/shopify-theme/assets/kv-video-3.jpg,1,Пълнозърнести Хлябове,false,Пълнозърнести Хлябове,"Спелта, ъргъ, ечемик — научете как да работите с алтернативни брашна за по-здравословен хляб.",Видео уроци
Пица с Квас — Неаполитанска Техника,kvaseya-4,"<p>Автентичната неаполитанска пица с квасена ферментация — тесто, разпъване, печене.</p><p>Анна Павлова · 2 часа 45 мин · 10 урока · Начинаещи</p><ul><li>Квасено тесто за пица</li><li>Разпъване</li><li>Доматен сос</li><li>Печене</li><li>Неаполитанска традиция</li></ul>",Квасен Занаят,Видео уроци,"Видео уроци, Ново",false,draft,VID-004,Title,Default Title,44.99,,true,,,false,0,false,manual,https://raw.githubusercontent.com/bkbex1/Kvas---Frontend/shopify-theme/shopify-theme/assets/kv-video-4.jpg,1,Пица с Квас — Неаполитанска Техника,false,Пица с Квас — Неаполитанска Техника,"Автентичната неаполитанска пица с квасена ферментация — тесто, разпъване, печене.",Видео уроци
Напреднали Техники за Хлебари,kvaseya-5,"<p>Диференциална ферментация, ламинация, натурални оцветители, сложни формирания — за истинските маестри.</p><p>Иван Георгиев · 8 часа 10 мин · 32 урока · Напреднали</p><ul><li>Ламинация</li><li>Диф. ферментация</li><li>Натурални цветове</li><li>Сложни форми</li><li>Фурни</li><li>Продажба</li></ul>",Квасен Занаят,Видео уроци,"Видео уроци, Masterclass",false,draft,VID-005,Title,Default Title,99.99,,true,,,false,0,false,manual,https://raw.githubusercontent.com/bkbex1/Kvas---Frontend/shopify-theme/shopify-theme/assets/kv-video-5.jpg,1,Напреднали Техники за Хлебари,false,Напреднали Техники за Хлебари,"Диференциална ферментация, ламинация, натурални оцветители, сложни формирания — за истинските маестри.",Видео уроци
Детски Курс: Хлябче с Мама/Татко,kvaseya-6,"<p>Забавен курс за деца и родители — лесни рецепти, безопасни техники, много смях и хляб!</p><p>Мария Стоянова · 1 час 30 мин · 6 урока · Начинаещи</p><ul><li>Безопасност</li><li>Основи</li><li>Прости рецепти</li><li>Декорации</li><li>Забавни форми</li></ul>",Квасен Занаят,Видео уроци,"Видео уроци, Семеен",false,draft,VID-006,Title,Default Title,29.99,,true,,,false,0,false,manual,https://raw.githubusercontent.com/bkbex1/Kvas---Frontend/shopify-theme/shopify-theme/assets/kv-video-6.jpg,1,Детски Курс: Хлябче с Мама/Татко,false,Детски Курс: Хлябче с Мама/Татко,"Забавен курс за деца и родители — лесни рецепти, безопасни техники, много смях и хляб!",Видео уроци
